X1;X2;Yd1;W;U
2;0;1;0.59534959;0.890530708
0;0;-1;0.520460067;
2;2;1;;
0;1;-1;;
1;1;1;;
1;2;-1;;
